{
  "FilterHeaders": [
    {
      "Header": "user-agent",
      "IncludeInScript": false
    },
    {
      "Header": "upgrade-insecure-requests",
      "IncludeInScript": true
    },
    {
      "Header": "origin",
      "IncludeInScript": true
    },
    {
      "Header": "dnt",
      "IncludeInScript": true
    },
    {
      "Header": "cache-control",
      "IncludeInScript": false
    },
    {
      "Header": "accept-language",
      "IncludeInScript": false
    },
    {
      "Header": "accept-encoding",
      "IncludeInScript": false
    },
    {
      "Header": "accept",
      "IncludeInScript": false
    }
  ],
  "FilterResources": [
    {
      "IsNonResource": true,
      "type": "text/html"
    }
  ],
  "GeneralInfo": {
    "BrowserVersion": "",
    "IsWinInetMode": false,
    "MaxUsedConnections": 9,
    "RecordedBrowser": "Chrome",
    "RecordingDate": "май-30-2021",
    "RecordingDuration": 57984,
    "RecordingMode": "N/A",
    "RecordingTimeStamp": 1622361684,
    "RecordingType": "Proxy",
    "TotalBytesReceived": 11611,
    "TotalBytesSent": 6076,
    "TotalRequests": 9,
    "UserAgent": "Mozilla/5.0 (Windows NT 10.0; Win64; x64) AppleWebKit/537.36 (KHTML, like Gecko) Chrome/90.0.4430.212 Safari/537.36"
  },
  "HostInfo": [
    {
      "DomainName": "googleapis.com",
      "Domains": [
        {
          "HTTPVersion": "HTTP/1.1",
          "IP": "173.194.222.95",
          "IncludeInScript": false,
          "Name": "www.googleapis.com",
          "Port": 443,
          "Requests": [
            {
              "CompressionType": "gzip",
              "DataType": "application/json",
              "DownloadTime": 0,
              "EventId": 790,
              "HttpStatus": 200,
              "Size": 346,
              "URL": "https://www.googleapis.com/oauth2/v4/token"
            },
            {
              "CompressionType": "gzip",
              "DataType": "application/json",
              "DownloadTime": 15,
              "EventId": 707,
              "HttpStatus": 200,
              "Size": 353,
              "URL": "https://www.googleapis.com/oauth2/v4/token"
            },
            {
              "CompressionType": "gzip",
              "DataType": "application/json",
              "DownloadTime": 0,
              "EventId": 702,
              "HttpStatus": 200,
              "Size": 969,
              "URL": "https://www.googleapis.com/oauth2/v4/token"
            }
          ],
          "SSLCipher": "",
          "SSLVersion": "TLS1.2"
        },
        {
          "HTTPVersion": "HTTP/1.1",
          "IP": "142.251.1.94",
          "IncludeInScript": false,
          "Name": "update.googleapis.com",
          "Port": 443,
          "Requests": [
            {
              "CompressionType": "gzip",
              "DataType": "application/json",
              "DownloadTime": 0,
              "EventId": 812,
              "HttpStatus": 200,
              "Size": 819,
              "URL": "https://update.googleapis.com/service/update2/json?cup2key=10:2883130456&cup2hreq=aa7fd0cc8cc3522da8133e00db7393f596b1f49af09c3b0e17ad014d4299e624"
            },
            {
              "CompressionType": "gzip",
              "DataType": "application/json",
              "DownloadTime": 0,
              "EventId": 737,
              "HttpStatus": 200,
              "Size": 648,
              "URL": "https://update.googleapis.com/service/update2/json?cup2key=10:2490887789&cup2hreq=c53c94605377bc78a08f123de874c6a38f1e3c64a6e47da6b78a1057b079a474"
            }
          ],
          "SSLCipher": "",
          "SSLVersion": "TLS1.2"
        },
        {
          "HTTPVersion": "HTTP/1.1",
          "IP": "142.250.179.234",
          "IncludeInScript": false,
          "Name": "passwordsleakcheck-pa.googleapis.com",
          "Port": 443,
          "Requests": [
            {
              "CompressionType": "gzip",
              "DataType": "application/x-protobuf",
              "DownloadTime": 16,
              "EventId": 795,
              "HttpStatus": 200,
              "Size": 5799,
              "URL": "https://passwordsleakcheck-pa.googleapis.com/v1/leaks:lookupSingle"
            }
          ],
          "SSLCipher": "",
          "SSLVersion": "TLS1.2"
        },
        {
          "HTTPVersion": "HTTP/1.1",
          "IP": "216.58.212.234",
          "IncludeInScript": false,
          "Name": "oauthaccountmanager.googleapis.com",
          "Port": 443,
          "Requests": [
            {
              "CompressionType": "gzip",
              "DataType": "application/json",
              "DownloadTime": 16,
              "EventId": 722,
              "HttpStatus": 200,
              "Size": 455,
              "URL": "https://oauthaccountmanager.googleapis.com/v1/issuetoken"
            }
          ],
          "SSLCipher": "",
          "SSLVersion": "TLS1.2"
        },
        {
          "HTTPVersion": "HTTP/1.1",
          "IP": "142.251.1.94",
          "IncludeInScript": false,
          "Name": "clientservices.googleapis.com",
          "Port": 443,
          "Requests": [
            {
              "CompressionType": "",
              "DataType": "",
              "DownloadTime": 15,
              "EventId": 698,
              "HttpStatus": 304,
              "Size": 0,
              "URL": "https://clientservices.googleapis.com/chrome-variations/seed?osname=win&channel=stable&milestone=90"
            }
          ],
          "SSLCipher": "",
          "SSLVersion": "TLS1.2"
        }
      ],
      "IncludeInScript": true
    },
    {
      "DomainName": "google.com",
      "Domains": [
        {
          "HTTPVersion": "HTTP/1.1",
          "IP": "142.251.1.99",
          "IncludeInScript": false,
          "Name": "www.google.com",
          "Port": 443,
          "Requests": [
            {
              "CompressionType": "gzip",
              "DataType": "text/javascript",
              "DownloadTime": 16,
              "EventId": 732,
              "HttpStatus": 200,
              "Size": 122,
              "URL": "https://www.google.com/complete/search?client=chrome-omni&gs_ri=chrome-ext-ansg&xssi=t&q=&oit=0&oft=1&pgcl=7&gs_rn=42&sugkey=AIzaSyBOti4mM-6x9WDnZIjIeyEU21OpBXqWBgw"
            },
            {
              "CompressionType": "gzip",
              "DataType": "text/javascript",
              "DownloadTime": 0,
              "EventId": 727,
              "HttpStatus": 200,
              "Size": 122,
              "URL": "https://www.google.com/complete/search?client=chrome-omni&gs_ri=chrome-ext-ansg&xssi=t&q=&oit=0&gs_rn=42&sugkey=AIzaSyBOti4mM-6x9WDnZIjIeyEU21OpBXqWBgw"
            },
            {
              "CompressionType": "gzip",
              "DataType": "application/json",
              "DownloadTime": 15,
              "EventId": 717,
              "HttpStatus": 200,
              "Size": 44284,
              "URL": "https://www.google.com/async/newtab_ogb?hl=ru&async=fixed:0"
            },
            {
              "CompressionType": "gzip",
              "DataType": "application/json",
              "DownloadTime": 16,
              "EventId": 712,
              "HttpStatus": 200,
              "Size": 47,
              "URL": "https://www.google.com/async/newtab_promos"
            }
          ],
          "SSLCipher": "",
          "SSLVersion": "TLS1.2"
        },
        {
          "HTTPVersion": "HTTP/1.1",
          "IP": "74.125.131.100",
          "IncludeInScript": false,
          "Name": "play.google.com",
          "Port": 443,
          "Requests": [
            {
              "CompressionType": "",
              "DataType": "text/plain",
              "DownloadTime": 0,
              "EventId": 769,
              "HttpStatus": 200,
              "Size": 0,
              "URL": "https://play.google.com/log?format=json&hasfast=true&authuser=0"
            }
          ],
          "SSLCipher": "",
          "SSLVersion": "TLS1.2"
        },
        {
          "HTTPVersion": "HTTP/1.1",
          "IP": "173.194.222.101",
          "IncludeInScript": false,
          "Name": "ogs.google.com",
          "Port": 443,
          "Requests": [
            {
              "CompressionType": "gzip",
              "DataType": "text/html",
              "DownloadTime": 0,
              "EventId": 747,
              "HttpStatus": 200,
              "Size": 15227,
              "URL": "https://ogs.google.com/u/0/widget/app?bc=1&origin=chrome-untrusted%3A%2F%2Fnew-tab-page&origin=chrome%3A%2F%2Fnew-tab-page&cn=app&pid=1&spid=243&hl=ru&dm="
            }
          ],
          "SSLCipher": "",
          "SSLVersion": "TLS1.2"
        },
        {
          "HTTPVersion": "HTTP/1.1",
          "IP": "173.194.220.102",
          "IncludeInScript": false,
          "Name": "clients4.google.com",
          "Port": 443,
          "Requests": [
            {
              "CompressionType": "gzip",
              "DataType": "application/vnd.google.octet-stream-compressible",
              "DownloadTime": 0,
              "EventId": 773,
              "HttpStatus": 200,
              "Size": 467,
              "URL": "https://clients4.google.com/chrome-sync/command/?client=Google+Chrome&client_id=0Wg3jeL2kQdWabKEihGlrQ%3D%3D"
            },
            {
              "CompressionType": "gzip",
              "DataType": "application/vnd.google.octet-stream-compressible",
              "DownloadTime": 0,
              "EventId": 752,
              "HttpStatus": 200,
              "Size": 467,
              "URL": "https://clients4.google.com/chrome-sync/command/?client=Google+Chrome&client_id=0Wg3jeL2kQdWabKEihGlrQ%3D%3D"
            },
            {
              "CompressionType": "gzip",
              "DataType": "application/vnd.google.octet-stream-compressible",
              "DownloadTime": 15,
              "EventId": 742,
              "HttpStatus": 200,
              "Size": 1705,
              "URL": "https://clients4.google.com/chrome-sync/command/?client=Google+Chrome&client_id=0Wg3jeL2kQdWabKEihGlrQ%3D%3D"
            }
          ],
          "SSLCipher": "",
          "SSLVersion": "TLS1.2"
        },
        {
          "HTTPVersion": "HTTP/1.1",
          "IP": "74.125.205.84",
          "IncludeInScript": false,
          "Name": "accounts.google.com",
          "Port": 443,
          "Requests": [
            {
              "CompressionType": "gzip",
              "DataType": "application/json",
              "DownloadTime": 16,
              "EventId": 693,
              "HttpStatus": 200,
              "Size": 197,
              "URL": "https://accounts.google.com/ListAccounts?gpsia=1&source=ChromiumBrowser&json=standard"
            }
          ],
          "SSLCipher": "",
          "SSLVersion": "TLS1.2"
        }
      ],
      "IncludeInScript": true
    },
    {
      "DomainName": "192.168.176.1",
      "Domains": [
        {
          "HTTPVersion": "HTTP/1.1",
          "IP": "192.168.176.1",
          "IncludeInScript": true,
          "Name": "192.168.176.1",
          "Port": 1080,
          "Requests": [
            {
              "CompressionType": "",
              "DataType": "text/html",
              "DownloadTime": 0,
              "EventId": 807,
              "HttpStatus": 200,
              "Size": 4246,
              "URL": "http://192.168.176.1:1080/cgi-bin/reservations.pl?page=welcome"
            },
            {
              "CompressionType": "",
              "DataType": "text/html",
              "DownloadTime": 0,
              "EventId": 803,
              "HttpStatus": 200,
              "Size": 1482,
              "URL": "http://192.168.176.1:1080/cgi-bin/nav.pl?page=menu&in=flights"
            },
            {
              "CompressionType": "",
              "DataType": "text/html",
              "DownloadTime": 0,
              "EventId": 799,
              "HttpStatus": 200,
              "Size": 616,
              "URL": "http://192.168.176.1:1080/cgi-bin/welcome.pl?page=search"
            },
            {
              "CompressionType": "",
              "DataType": "text/html",
              "DownloadTime": 0,
              "EventId": 785,
              "HttpStatus": 200,
              "Size": 920,
              "URL": "http://192.168.176.1:1080/cgi-bin/login.pl?intro=true"
            },
            {
              "CompressionType": "",
              "DataType": "text/html",
              "DownloadTime": 16,
              "EventId": 781,
              "HttpStatus": 200,
              "Size": 1482,
              "URL": "http://192.168.176.1:1080/cgi-bin/nav.pl?page=menu&in=home"
            },
            {
              "CompressionType": "",
              "DataType": "text/html",
              "DownloadTime": 15,
              "EventId": 777,
              "HttpStatus": 200,
              "Size": 481,
              "URL": "http://192.168.176.1:1080/cgi-bin/login.pl"
            },
            {
              "CompressionType": "",
              "DataType": "text/html",
              "DownloadTime": 0,
              "EventId": 764,
              "HttpStatus": 404,
              "Size": 209,
              "URL": "http://192.168.176.1:1080/favicon.ico"
            },
            {
              "CompressionType": "",
              "DataType": "text/html",
              "DownloadTime": 0,
              "EventId": 760,
              "HttpStatus": 200,
              "Size": 1489,
              "URL": "http://192.168.176.1:1080/cgi-bin/nav.pl?in=home"
            },
            {
              "CompressionType": "",
              "DataType": "text/html",
              "DownloadTime": 15,
              "EventId": 756,
              "HttpStatus": 200,
              "Size": 686,
              "URL": "http://192.168.176.1:1080/cgi-bin/welcome.pl?signOff=true"
            }
          ],
          "SSLCipher": "None",
          "SSLVersion": "None"
        }
      ],
      "IncludeInScript": true
    }
  ],
  "WebSocket": {
    "IncludeInScript": false,
    "IsScriptIncludeWebSocket": false
  },
  "NumberOfCorrelations": 14
}