{
  "FilterHeaders": [
    {
      "Header": "user-agent",
      "IncludeInScript": false
    },
    {
      "Header": "upgrade-insecure-requests",
      "IncludeInScript": true
    },
    {
      "Header": "origin",
      "IncludeInScript": true
    },
    {
      "Header": "dnt",
      "IncludeInScript": true
    },
    {
      "Header": "cache-control",
      "IncludeInScript": false
    },
    {
      "Header": "accept-language",
      "IncludeInScript": false
    },
    {
      "Header": "accept-encoding",
      "IncludeInScript": false
    },
    {
      "Header": "accept",
      "IncludeInScript": false
    }
  ],
  "FilterResources": [
    {
      "IsNonResource": true,
      "type": "text/html"
    }
  ],
  "GeneralInfo": {
    "BrowserVersion": "",
    "IsWinInetMode": false,
    "MaxUsedConnections": 12,
    "RecordedBrowser": "Chrome",
    "RecordingDate": "июн-08-2021",
    "RecordingDuration": 71093,
    "RecordingMode": "N/A",
    "RecordingTimeStamp": 1623148570,
    "RecordingType": "Proxy",
    "TotalBytesReceived": 70536,
    "TotalBytesSent": 9454,
    "TotalRequests": 12,
    "UserAgent": "Mozilla/5.0 (Windows NT 10.0; Win64; x64) AppleWebKit/537.36 (KHTML, like Gecko) Chrome/91.0.4472.77 Safari/537.36"
  },
  "HostInfo": [
    {
      "DomainName": "googleapis.com",
      "Domains": [
        {
          "HTTPVersion": "HTTP/1.1",
          "IP": "173.194.222.95",
          "IncludeInScript": false,
          "Name": "www.googleapis.com",
          "Port": 443,
          "Requests": [
            {
              "CompressionType": "gzip",
              "DataType": "application/json",
              "DownloadTime": 0,
              "EventId": 216,
              "HttpStatus": 200,
              "Size": 348,
              "URL": "https://www.googleapis.com/oauth2/v4/token"
            },
            {
              "CompressionType": "gzip",
              "DataType": "application/json",
              "DownloadTime": 0,
              "EventId": 175,
              "HttpStatus": 200,
              "Size": 353,
              "URL": "https://www.googleapis.com/oauth2/v4/token"
            },
            {
              "CompressionType": "gzip",
              "DataType": "application/json",
              "DownloadTime": 0,
              "EventId": 170,
              "HttpStatus": 200,
              "Size": 970,
              "URL": "https://www.googleapis.com/oauth2/v4/token"
            }
          ],
          "SSLCipher": "",
          "SSLVersion": "TLS1.2"
        },
        {
          "HTTPVersion": "HTTP/1.1",
          "IP": "142.251.1.94",
          "IncludeInScript": false,
          "Name": "update.googleapis.com",
          "Port": 443,
          "Requests": [
            {
              "CompressionType": "gzip",
              "DataType": "application/json",
              "DownloadTime": 15,
              "EventId": 242,
              "HttpStatus": 200,
              "Size": 838,
              "URL": "https://update.googleapis.com/service/update2/json?cup2key=10:1733169174&cup2hreq=7cc329e7dc6912aea641d6b2eb12d0601470e9551d040ec13d96fa829bea8d7a"
            },
            {
              "CompressionType": "gzip",
              "DataType": "application/json",
              "DownloadTime": 0,
              "EventId": 180,
              "HttpStatus": 200,
              "Size": 650,
              "URL": "https://update.googleapis.com/service/update2/json?cup2key=10:2673765451&cup2hreq=54853f3104af2633e1b3bd885d344acc63eded98d35a92a8981a2dbb4d11349e"
            }
          ],
          "SSLCipher": "",
          "SSLVersion": "TLS1.2"
        },
        {
          "HTTPVersion": "HTTP/1.1",
          "IP": "142.251.1.95",
          "IncludeInScript": false,
          "Name": "passwordsleakcheck-pa.googleapis.com",
          "Port": 443,
          "Requests": [
            {
              "CompressionType": "gzip",
              "DataType": "application/x-protobuf",
              "DownloadTime": 0,
              "EventId": 221,
              "HttpStatus": 200,
              "Size": 8164,
              "URL": "https://passwordsleakcheck-pa.googleapis.com/v1/leaks:lookupSingle"
            }
          ],
          "SSLCipher": "",
          "SSLVersion": "TLS1.2"
        },
        {
          "HTTPVersion": "HTTP/1.1",
          "IP": "216.58.212.234",
          "IncludeInScript": false,
          "Name": "oauthaccountmanager.googleapis.com",
          "Port": 443,
          "Requests": [
            {
              "CompressionType": "gzip",
              "DataType": "application/json",
              "DownloadTime": 0,
              "EventId": 185,
              "HttpStatus": 200,
              "Size": 452,
              "URL": "https://oauthaccountmanager.googleapis.com/v1/issuetoken"
            }
          ],
          "SSLCipher": "",
          "SSLVersion": "TLS1.2"
        },
        {
          "HTTPVersion": "HTTP/1.1",
          "IP": "142.250.179.195",
          "IncludeInScript": false,
          "Name": "clientservices.googleapis.com",
          "Port": 443,
          "Requests": [
            {
              "CompressionType": "",
              "DataType": "",
              "DownloadTime": 0,
              "EventId": 166,
              "HttpStatus": 304,
              "Size": 0,
              "URL": "https://clientservices.googleapis.com/chrome-variations/seed?osname=win&channel=stable&milestone=91"
            }
          ],
          "SSLCipher": "",
          "SSLVersion": "TLS1.2"
        }
      ],
      "IncludeInScript": true
    },
    {
      "DomainName": "google.com",
      "Domains": [
        {
          "HTTPVersion": "HTTP/1.1",
          "IP": "173.194.220.113",
          "IncludeInScript": false,
          "Name": "clients4.google.com",
          "Port": 443,
          "Requests": [
            {
              "CompressionType": "gzip",
              "DataType": "application/vnd.google.octet-stream-compressible",
              "DownloadTime": 0,
              "EventId": 195,
              "HttpStatus": 200,
              "Size": 467,
              "URL": "https://clients4.google.com/chrome-sync/command/?client=Google+Chrome&client_id=0Wg3jeL2kQdWabKEihGlrQ%3D%3D"
            },
            {
              "CompressionType": "gzip",
              "DataType": "application/vnd.google.octet-stream-compressible",
              "DownloadTime": 0,
              "EventId": 190,
              "HttpStatus": 200,
              "Size": 1464,
              "URL": "https://clients4.google.com/chrome-sync/command/?client=Google+Chrome&client_id=0Wg3jeL2kQdWabKEihGlrQ%3D%3D"
            }
          ],
          "SSLCipher": "",
          "SSLVersion": "TLS1.2"
        },
        {
          "HTTPVersion": "HTTP/1.1",
          "IP": "74.125.205.84",
          "IncludeInScript": false,
          "Name": "accounts.google.com",
          "Port": 443,
          "Requests": [
            {
              "CompressionType": "gzip",
              "DataType": "application/json",
              "DownloadTime": 16,
              "EventId": 161,
              "HttpStatus": 200,
              "Size": 197,
              "URL": "https://accounts.google.com/ListAccounts?gpsia=1&source=ChromiumBrowser&json=standard"
            }
          ],
          "SSLCipher": "",
          "SSLVersion": "TLS1.2"
        }
      ],
      "IncludeInScript": true
    },
    {
      "DomainName": "172.24.48.1",
      "Domains": [
        {
          "HTTPVersion": "HTTP/1.1",
          "IP": "172.24.48.1",
          "IncludeInScript": true,
          "Name": "172.24.48.1",
          "Port": 1080,
          "Requests": [
            {
              "CompressionType": "",
              "DataType": "text/html",
              "DownloadTime": 15,
              "EventId": 246,
              "HttpStatus": 200,
              "Size": 28989,
              "URL": "http://172.24.48.1:1080/cgi-bin/itinerary.pl"
            },
            {
              "CompressionType": "",
              "DataType": "text/html",
              "DownloadTime": 0,
              "EventId": 237,
              "HttpStatus": 200,
              "Size": 33147,
              "URL": "http://172.24.48.1:1080/cgi-bin/itinerary.pl"
            },
            {
              "CompressionType": "",
              "DataType": "text/html",
              "DownloadTime": 0,
              "EventId": 233,
              "HttpStatus": 200,
              "Size": 1482,
              "URL": "http://172.24.48.1:1080/cgi-bin/nav.pl?page=menu&in=itinerary"
            },
            {
              "CompressionType": "",
              "DataType": "text/html",
              "DownloadTime": 0,
              "EventId": 229,
              "HttpStatus": 200,
              "Size": 591,
              "URL": "http://172.24.48.1:1080/cgi-bin/welcome.pl?page=itinerary"
            },
            {
              "CompressionType": "",
              "DataType": "text/html",
              "DownloadTime": 16,
              "EventId": 225,
              "HttpStatus": 200,
              "Size": 591,
              "URL": "http://172.24.48.1:1080/cgi-bin/welcome.pl?page=itinerary"
            },
            {
              "CompressionType": "",
              "DataType": "text/html",
              "DownloadTime": 0,
              "EventId": 211,
              "HttpStatus": 200,
              "Size": 920,
              "URL": "http://172.24.48.1:1080/cgi-bin/login.pl?intro=true"
            },
            {
              "CompressionType": "",
              "DataType": "text/html",
              "DownloadTime": 0,
              "EventId": 207,
              "HttpStatus": 200,
              "Size": 1482,
              "URL": "http://172.24.48.1:1080/cgi-bin/nav.pl?page=menu&in=home"
            },
            {
              "CompressionType": "",
              "DataType": "text/html",
              "DownloadTime": 0,
              "EventId": 203,
              "HttpStatus": 200,
              "Size": 481,
              "URL": "http://172.24.48.1:1080/cgi-bin/login.pl"
            },
            {
              "CompressionType": "",
              "DataType": "text/html",
              "DownloadTime": 0,
              "EventId": 199,
              "HttpStatus": 200,
              "Size": 481,
              "URL": "http://172.24.48.1:1080/cgi-bin/login.pl"
            },
            {
              "CompressionType": "",
              "DataType": "text/html",
              "DownloadTime": 16,
              "EventId": 156,
              "HttpStatus": 404,
              "Size": 209,
              "URL": "http://172.24.48.1:1080/favicon.ico"
            },
            {
              "CompressionType": "",
              "DataType": "text/html",
              "DownloadTime": 0,
              "EventId": 152,
              "HttpStatus": 200,
              "Size": 1477,
              "URL": "http://172.24.48.1:1080/cgi-bin/nav.pl?in=home"
            },
            {
              "CompressionType": "",
              "DataType": "text/html",
              "DownloadTime": 0,
              "EventId": 148,
              "HttpStatus": 200,
              "Size": 686,
              "URL": "http://172.24.48.1:1080/cgi-bin/welcome.pl?signOff=true"
            }
          ],
          "SSLCipher": "None",
          "SSLVersion": "None"
        }
      ],
      "IncludeInScript": true
    }
  ],
  "WebSocket": {
    "IncludeInScript": false,
    "IsScriptIncludeWebSocket": false
  },
  "NumberOfCorrelations": 50
}