{
  "FilterHeaders": [
    {
      "Header": "user-agent",
      "IncludeInScript": false
    },
    {
      "Header": "upgrade-insecure-requests",
      "IncludeInScript": true
    },
    {
      "Header": "origin",
      "IncludeInScript": true
    },
    {
      "Header": "if-none-match",
      "IncludeInScript": false
    },
    {
      "Header": "if-modified-since",
      "IncludeInScript": false
    },
    {
      "Header": "dnt",
      "IncludeInScript": true
    },
    {
      "Header": "cache-control",
      "IncludeInScript": false
    },
    {
      "Header": "accept-language",
      "IncludeInScript": false
    },
    {
      "Header": "accept-encoding",
      "IncludeInScript": false
    },
    {
      "Header": "accept",
      "IncludeInScript": false
    }
  ],
  "FilterResources": [
    {
      "IsNonResource": true,
      "type": "text/html"
    }
  ],
  "GeneralInfo": {
    "BrowserVersion": "",
    "IsWinInetMode": false,
    "MaxUsedConnections": 23,
    "RecordedBrowser": "Chrome",
    "RecordingDate": "Р С‘РЎР‹Р Р…-08-2021",
    "RecordingDuration": 59000,
    "RecordingMode": "N/A",
    "RecordingTimeStamp": 1623161364,
    "RecordingType": "Proxy",
    "TotalBytesReceived": 13834,
    "TotalBytesSent": 15923,
    "TotalRequests": 23,
    "UserAgent": "Mozilla/5.0 (Windows NT 10.0; Win64; x64) AppleWebKit/537.36 (KHTML, like Gecko) Chrome/91.0.4472.77 Safari/537.36"
  },
  "HostInfo": [
    {
      "DomainName": "googleapis.com",
      "Domains": [
        {
          "HTTPVersion": "HTTP/1.1",
          "IP": "173.194.221.95",
          "IncludeInScript": false,
          "Name": "www.googleapis.com",
          "Port": 443,
          "Requests": [
            {
              "CompressionType": "gzip",
              "DataType": "application/json",
              "DownloadTime": 0,
              "EventId": 73,
              "HttpStatus": 200,
              "Size": 348,
              "URL": "https://www.googleapis.com/oauth2/v4/token"
            },
            {
              "CompressionType": "gzip",
              "DataType": "application/json",
              "DownloadTime": 15,
              "EventId": 44,
              "HttpStatus": 200,
              "Size": 355,
              "URL": "https://www.googleapis.com/oauth2/v4/token"
            },
            {
              "CompressionType": "gzip",
              "DataType": "application/json",
              "DownloadTime": 15,
              "EventId": 39,
              "HttpStatus": 200,
              "Size": 968,
              "URL": "https://www.googleapis.com/oauth2/v4/token"
            }
          ],
          "SSLCipher": "",
          "SSLVersion": "TLS1.2"
        },
        {
          "HTTPVersion": "HTTP/1.1",
          "IP": "172.217.168.195",
          "IncludeInScript": false,
          "Name": "update.googleapis.com",
          "Port": 443,
          "Requests": [
            {
              "CompressionType": "gzip",
              "DataType": "application/json",
              "DownloadTime": 15,
              "EventId": 131,
              "HttpStatus": 200,
              "Size": 842,
              "URL": "https://update.googleapis.com/service/update2/json?cup2key=10:1682935486&cup2hreq=d10e4cb1941d63e76788db0eca1a61fd66bf3c63f28a75b3c713e1aadc85fb4f"
            },
            {
              "CompressionType": "gzip",
              "DataType": "application/json",
              "DownloadTime": 0,
              "EventId": 49,
              "HttpStatus": 200,
              "Size": 651,
              "URL": "https://update.googleapis.com/service/update2/json?cup2key=10:3299960771&cup2hreq=1a48c3347b4228e6307d430fed921ad77cb2e759a216b3f3e6d4edf45b32100b"
            }
          ],
          "SSLCipher": "",
          "SSLVersion": "TLS1.2"
        },
        {
          "HTTPVersion": "HTTP/1.1",
          "IP": "172.217.169.74",
          "IncludeInScript": false,
          "Name": "passwordsleakcheck-pa.googleapis.com",
          "Port": 443,
          "Requests": [
            {
              "CompressionType": "gzip",
              "DataType": "application/x-protobuf",
              "DownloadTime": 16,
              "EventId": 98,
              "HttpStatus": 200,
              "Size": 8163,
              "URL": "https://passwordsleakcheck-pa.googleapis.com/v1/leaks:lookupSingle"
            }
          ],
          "SSLCipher": "",
          "SSLVersion": "TLS1.2"
        },
        {
          "HTTPVersion": "HTTP/1.1",
          "IP": "142.251.1.95",
          "IncludeInScript": false,
          "Name": "oauthaccountmanager.googleapis.com",
          "Port": 443,
          "Requests": [
            {
              "CompressionType": "gzip",
              "DataType": "application/json",
              "DownloadTime": 16,
              "EventId": 54,
              "HttpStatus": 200,
              "Size": 456,
              "URL": "https://oauthaccountmanager.googleapis.com/v1/issuetoken"
            }
          ],
          "SSLCipher": "",
          "SSLVersion": "TLS1.2"
        },
        {
          "HTTPVersion": "HTTP/1.1",
          "IP": "142.250.187.227",
          "IncludeInScript": false,
          "Name": "clientservices.googleapis.com",
          "Port": 443,
          "Requests": [
            {
              "CompressionType": "",
              "DataType": "",
              "DownloadTime": 0,
              "EventId": 30,
              "HttpStatus": 304,
              "Size": 0,
              "URL": "https://clientservices.googleapis.com/chrome-variations/seed?osname=win&channel=stable&milestone=91"
            }
          ],
          "SSLCipher": "",
          "SSLVersion": "TLS1.2"
        }
      ],
      "IncludeInScript": true
    },
    {
      "DomainName": "google.com",
      "Domains": [
        {
          "HTTPVersion": "HTTP/1.1",
          "IP": "173.194.220.113",
          "IncludeInScript": false,
          "Name": "clients4.google.com",
          "Port": 443,
          "Requests": [
            {
              "CompressionType": "gzip",
              "DataType": "application/vnd.google.octet-stream-compressible",
              "DownloadTime": 16,
              "EventId": 64,
              "HttpStatus": 200,
              "Size": 538,
              "URL": "https://clients4.google.com/chrome-sync/command/?client=Google+Chrome&client_id=0Wg3jeL2kQdWabKEihGlrQ%3D%3D"
            },
            {
              "CompressionType": "gzip",
              "DataType": "application/vnd.google.octet-stream-compressible",
              "DownloadTime": 0,
              "EventId": 59,
              "HttpStatus": 200,
              "Size": 4388,
              "URL": "https://clients4.google.com/chrome-sync/command/?client=Google+Chrome&client_id=0Wg3jeL2kQdWabKEihGlrQ%3D%3D"
            }
          ],
          "SSLCipher": "",
          "SSLVersion": "TLS1.2"
        },
        {
          "HTTPVersion": "HTTP/1.1",
          "IP": "142.250.179.237",
          "IncludeInScript": false,
          "Name": "accounts.google.com",
          "Port": 443,
          "Requests": [
            {
              "CompressionType": "gzip",
              "DataType": "application/json",
              "DownloadTime": 16,
              "EventId": 34,
              "HttpStatus": 200,
              "Size": 197,
              "URL": "https://accounts.google.com/ListAccounts?gpsia=1&source=ChromiumBrowser&json=standard"
            }
          ],
          "SSLCipher": "",
          "SSLVersion": "TLS1.2"
        }
      ],
      "IncludeInScript": true
    },
    {
      "DomainName": "172.24.48.1",
      "Domains": [
        {
          "HTTPVersion": "HTTP/1.1",
          "IP": "172.24.48.1",
          "IncludeInScript": true,
          "Name": "172.24.48.1",
          "Port": 1080,
          "Requests": [
            {
              "CompressionType": "",
              "DataType": "",
              "DownloadTime": 16,
              "EventId": 127,
              "HttpStatus": 304,
              "Size": 0,
              "URL": "http://172.24.48.1:1080/WebTours/images/cancelallreservations.gif"
            },
            {
              "CompressionType": "",
              "DataType": "",
              "DownloadTime": 0,
              "EventId": 124,
              "HttpStatus": 304,
              "Size": 0,
              "URL": "http://172.24.48.1:1080/WebTours/images/cancelreservation.gif"
            },
            {
              "CompressionType": "",
              "DataType": "",
              "DownloadTime": 15,
              "EventId": 121,
              "HttpStatus": 304,
              "Size": 0,
              "URL": "http://172.24.48.1:1080/WebTours/images/home.gif"
            },
            {
              "CompressionType": "",
              "DataType": "",
              "DownloadTime": 0,
              "EventId": 118,
              "HttpStatus": 304,
              "Size": 0,
              "URL": "http://172.24.48.1:1080/WebTours/images/in_itinerary.gif"
            },
            {
              "CompressionType": "",
              "DataType": "text/html",
              "DownloadTime": 15,
              "EventId": 114,
              "HttpStatus": 200,
              "Size": 5906,
              "URL": "http://172.24.48.1:1080/cgi-bin/itinerary.pl"
            },
            {
              "CompressionType": "",
              "DataType": "text/html",
              "DownloadTime": 16,
              "EventId": 110,
              "HttpStatus": 200,
              "Size": 1482,
              "URL": "http://172.24.48.1:1080/cgi-bin/nav.pl?page=menu&in=itinerary"
            },
            {
              "CompressionType": "",
              "DataType": "text/html",
              "DownloadTime": 0,
              "EventId": 106,
              "HttpStatus": 200,
              "Size": 591,
              "URL": "http://172.24.48.1:1080/cgi-bin/welcome.pl?page=itinerary"
            },
            {
              "CompressionType": "",
              "DataType": "text/html",
              "DownloadTime": 15,
              "EventId": 102,
              "HttpStatus": 200,
              "Size": 591,
              "URL": "http://172.24.48.1:1080/cgi-bin/welcome.pl?page=itinerary"
            },
            {
              "CompressionType": "",
              "DataType": "",
              "DownloadTime": 15,
              "EventId": 94,
              "HttpStatus": 304,
              "Size": 0,
              "URL": "http://172.24.48.1:1080/WebTours/images/signoff.gif"
            },
            {
              "CompressionType": "",
              "DataType": "",
              "DownloadTime": 16,
              "EventId": 91,
              "HttpStatus": 304,
              "Size": 0,
              "URL": "http://172.24.48.1:1080/WebTours/images/in_home.gif"
            },
            {
              "CompressionType": "",
              "DataType": "",
              "DownloadTime": 15,
              "EventId": 88,
              "HttpStatus": 304,
              "Size": 0,
              "URL": "http://172.24.48.1:1080/WebTours/images/itinerary.gif"
            },
            {
              "CompressionType": "",
              "DataType": "",
              "DownloadTime": 0,
              "EventId": 85,
              "HttpStatus": 304,
              "Size": 0,
              "URL": "http://172.24.48.1:1080/WebTours/images/flights.gif"
            },
            {
              "CompressionType": "",
              "DataType": "text/html",
              "DownloadTime": 15,
              "EventId": 81,
              "HttpStatus": 200,
              "Size": 920,
              "URL": "http://172.24.48.1:1080/cgi-bin/login.pl?intro=true"
            },
            {
              "CompressionType": "",
              "DataType": "text/html",
              "DownloadTime": 0,
              "EventId": 77,
              "HttpStatus": 200,
              "Size": 1482,
              "URL": "http://172.24.48.1:1080/cgi-bin/nav.pl?page=menu&in=home"
            },
            {
              "CompressionType": "",
              "DataType": "text/html",
              "DownloadTime": 0,
              "EventId": 68,
              "HttpStatus": 200,
              "Size": 481,
              "URL": "http://172.24.48.1:1080/cgi-bin/login.pl"
            },
            {
              "CompressionType": "",
              "DataType": "text/html",
              "DownloadTime": 16,
              "EventId": 25,
              "HttpStatus": 404,
              "Size": 209,
              "URL": "http://172.24.48.1:1080/favicon.ico"
            },
            {
              "CompressionType": "",
              "DataType": "",
              "DownloadTime": 16,
              "EventId": 22,
              "HttpStatus": 304,
              "Size": 0,
              "URL": "http://172.24.48.1:1080/WebTours/images/mer_login.gif"
            },
            {
              "CompressionType": "",
              "DataType": "text/html",
              "DownloadTime": 15,
              "EventId": 18,
              "HttpStatus": 200,
              "Size": 1486,
              "URL": "http://172.24.48.1:1080/cgi-bin/nav.pl?in=home"
            },
            {
              "CompressionType": "",
              "DataType": "",
              "DownloadTime": 15,
              "EventId": 15,
              "HttpStatus": 304,
              "Size": 0,
              "URL": "http://172.24.48.1:1080/WebTours/home.html"
            },
            {
              "CompressionType": "",
              "DataType": "",
              "DownloadTime": 0,
              "EventId": 12,
              "HttpStatus": 304,
              "Size": 0,
              "URL": "http://172.24.48.1:1080/WebTours/images/webtours.png"
            },
            {
              "CompressionType": "",
              "DataType": "",
              "DownloadTime": 31,
              "EventId": 9,
              "HttpStatus": 304,
              "Size": 0,
              "URL": "http://172.24.48.1:1080/WebTours/images/hp_logo.png"
            },
            {
              "CompressionType": "",
              "DataType": "text/html",
              "DownloadTime": 15,
              "EventId": 5,
              "HttpStatus": 200,
              "Size": 686,
              "URL": "http://172.24.48.1:1080/cgi-bin/welcome.pl?signOff=true"
            },
            {
              "CompressionType": "",
              "DataType": "",
              "DownloadTime": 0,
              "EventId": 2,
              "HttpStatus": 304,
              "Size": 0,
              "URL": "http://172.24.48.1:1080/WebTours/header.html"
            }
          ],
          "SSLCipher": "None",
          "SSLVersion": "None"
        }
      ],
      "IncludeInScript": true
    }
  ],
  "WebSocket": {
    "IncludeInScript": false,
    "IsScriptIncludeWebSocket": false
  },
  "NumberOfCorrelations": 3
}